Sar	Alveolata	24
Opisthokonta	Metazoa	36
Opisthokonta	Metazoa	39
Opisthokonta	Metazoa	39
Viridiplantae	Streptophyta	31
Viridiplantae	Streptophyta	59
Viridiplantae	Streptophyta	62
Opisthokonta	Metazoa	40
Sar	Alveolata	14
Opisthokonta	Fungi	9
Amoebozoa	Evosea	31
Sar	Alveolata	70
Amoebozoa	Evosea	2
Opisthokonta	Fungi	23
Opisthokonta	Fungi	18
Opisthokonta	Fungi	19
Opisthokonta	Fungi	21
Opisthokonta	Fungi	22
Opisthokonta	Fungi	21
Opisthokonta	Fungi	9
Discoba	Euglenozoa	23
Viridiplantae	Streptophyta	1
Viridiplantae	Streptophyta	10
Viridiplantae	Streptophyta	1
Viridiplantae	Streptophyta	1
Viridiplantae	Streptophyta	4
Viridiplantae	Streptophyta	1
Opisthokonta	Fungi	11
Opisthokonta	Fungi	18
Opisthokonta	Fungi	20
Opisthokonta	Fungi	21
Opisthokonta	Metazoa	51
Opisthokonta	Metazoa	47
Opisthokonta	Metazoa	41
Opisthokonta	Metazoa	26
Opisthokonta	Metazoa	27
Opisthokonta	Fungi	3
Discoba	Euglenozoa	22
Opisthokonta	Metazoa	29
Amoebozoa	Evosea	1
Opisthokonta	Metazoa	41
Opisthokonta	Metazoa	26
Opisthokonta	Metazoa	8
Opisthokonta	Fungi	22
Opisthokonta	Metazoa	26
Opisthokonta	Metazoa	23
Viridiplantae	Chlorophyta	30
Opisthokonta	Metazoa	30
Amoebozoa	Evosea	31
Opisthokonta	Fungi	22
Opisthokonta	Metazoa	36
Viruses	Varidnaviria	1
Viridiplantae	Streptophyta	1
Opisthokonta	Metazoa	43
Opisthokonta	Fungi	21
Opisthokonta	Fungi	20
Opisthokonta	Fungi	22
Sar	Alveolata	1
Opisthokonta	Metazoa	25
Rhodophyta	Bangiophyceae	18
Opisthokonta	Metazoa	81
Sar	Alveolata	34
Viridiplantae	Chlorophyta	24
Viridiplantae	Chlorophyta	5
Sar	Stramenopiles	1
Opisthokonta	Metazoa	7
Opisthokonta	Metazoa	1
Opisthokonta	Metazoa	5
Opisthokonta	Metazoa	32
Opisthokonta	Metazoa	2
Opisthokonta	Metazoa	22
Opisthokonta	Metazoa	2
Opisthokonta	Choanoflagellata	17
Opisthokonta	Metazoa	1
Opisthokonta	Metazoa	7
Opisthokonta	Metazoa	3
Opisthokonta	Metazoa	6
Opisthokonta	Metazoa	15
Opisthokonta	Metazoa	26
Opisthokonta	Metazoa	21
Opisthokonta	Metazoa	5
Opisthokonta	Metazoa	15
Opisthokonta	Metazoa	1
Opisthokonta	Metazoa	4
Opisthokonta	Metazoa	26
Opisthokonta	Metazoa	3
Opisthokonta	Metazoa	10
Opisthokonta	Metazoa	6
Opisthokonta	Metazoa	17
Opisthokonta	Metazoa	5
Opisthokonta	Metazoa	4
Opisthokonta	Metazoa	10
Discoba	Euglenozoa	7
Opisthokonta	Metazoa	29
Discoba	Heterolobosea	39
Sar	Stramenopiles	30
Sar	Stramenopiles	37
Opisthokonta	Fungi	22
Opisthokonta	Fungi	22
Opisthokonta	Fungi	23
Opisthokonta	Fungi	19
Metamonada	Parabasalia	46
Opisthokonta	Metazoa	28
Opisthokonta	Metazoa	23
Haptista	Haptophyta	6
Sar	Alveolata	24
Sar	Alveolata	23
Sar	Alveolata	16
Viridiplantae	Streptophyta	74
Sar	Alveolata	19
Sar	Alveolata	19
Discoba	Euglenozoa	1
Discoba	Euglenozoa	33
Opisthokonta	Metazoa	11
Opisthokonta	Metazoa	55
Opisthokonta	Metazoa	3
Opisthokonta	Choanoflagellata	4
Opisthokonta	Metazoa	6
Opisthokonta	Metazoa	41
Viridiplantae	Streptophyta	57
Sar	Stramenopiles	2
Opisthokonta	Fungi	21
Opisthokonta	Fungi	23
Opisthokonta	Metazoa	42
Opisthokonta	Fungi	21
Opisthokonta	Fungi	22
Viridiplantae	Chlorophyta	24
Opisthokonta	Metazoa	4
Opisthokonta	Metazoa	5
Opisthokonta	Metazoa	13
Viridiplantae	Streptophyta	1
Opisthokonta	Fungi	9
Malawimonadida	Malawimonadidae	10
Amoebozoa	Evosea	11
Viridiplantae	Streptophyta	1
Sar	Stramenopiles	1
Sar	Stramenopiles	1
Opisthokonta	Metazoa	1
Opisthokonta	Ichthyosporea	1
Opisthokonta	Metazoa	5
Opisthokonta	Metazoa	8
Metamonada	Fornicata	15
Opisthokonta	Metazoa	26
Sar	Alveolata	1
Opisthokonta	Metazoa	28
Opisthokonta	Metazoa	42
Opisthokonta	Metazoa	44
Opisthokonta	Metazoa	23
Opisthokonta	Metazoa	33
Opisthokonta	Metazoa	23
Opisthokonta	Metazoa	17
Opisthokonta	Metazoa	19
Opisthokonta	Metazoa	24
Opisthokonta	Metazoa	3
Opisthokonta	Metazoa	43
Opisthokonta	Metazoa	9
Opisthokonta	Metazoa	38
Opisthokonta	Metazoa	35
Opisthokonta	Metazoa	24
Opisthokonta	Metazoa	33
Opisthokonta	Metazoa	6
Sar	Stramenopiles	26
Opisthokonta	Metazoa	27
Rhodophyta	Bangiophyceae	19
Viridiplantae	Streptophyta	39
Opisthokonta	Fungi	22
Opisthokonta	Fungi	21
Opisthokonta	Fungi	19
Opisthokonta	Fungi	21
Opisthokonta	Fungi	22
Opisthokonta	Fungi	20
Viridiplantae	Chlorophyta	24
Viridiplantae	Chlorophyta	25
Opisthokonta	Fungi	21
Opisthokonta	Fungi	24
Opisthokonta	Fungi	20
Opisthokonta	Fungi	21
Opisthokonta	Fungi	21
Opisthokonta	Fungi	24
Opisthokonta	Fungi	23
Sar	Alveolata	24
Sar	Alveolata	15
Amoebozoa	Evosea	33
Viridiplantae	Streptophyta	26
Viridiplantae	Streptophyta	50
Viridiplantae	Streptophyta	59
Sar	Alveolata	5
Sar	Alveolata	1
Amoebozoa	Evosea	30
Discoba	Euglenozoa	8
Amoebozoa	Tubulinea	10
Opisthokonta	Fungi	16
Sar	Alveolata	13
Haptista	Haptophyta	5
Opisthokonta	Choanoflagellata	9
Sar	Rhizaria	5
Discoba	Euglenozoa	2
Amoebozoa	Evosea	5
Amoebozoa	Evosea	2
Opisthokonta	Fungi	24
Opisthokonta	Fungi	8
Opisthokonta	Fungi	9
Opisthokonta	Fungi	6
Opisthokonta	Fungi	13
Opisthokonta	Fungi	18
Viridiplantae	Streptophyta	55
Opisthokonta	Ichthyosporea	1
Discoba	Jakobida	4
Discoba	Jakobida	1
Sar	Alveolata	3
Malawimonadida	Malawimonadidae	10
Haptista	Haptophyta	7
Amoebozoa	Evosea	3
Discoba	Jakobida	15
Sar	Alveolata	4
Discoba	Heterolobosea	7
Discoba	Jakobida	2
Metamonada	Preaxostyla	2
Discoba	Euglenozoa	1
Haptista	Haptophyta	24
Opisthokonta	Fungi	39
Opisthokonta	Fungi	45
Opisthokonta	Fungi	20
Opisthokonta	Fungi	30
Opisthokonta	Fungi	20
Viridiplantae	Chlorophyta	44
Opisthokonta	Metazoa	2
Opisthokonta	Fungi	29
Opisthokonta	Metazoa	9
Opisthokonta	Fungi	22
Opisthokonta	Fungi	22
Opisthokonta	Fungi	22
Opisthokonta	Fungi	22
Opisthokonta	Fungi	18
Opisthokonta	Fungi	21
Opisthokonta	Fungi	18
Opisthokonta	Fungi	27
Opisthokonta	Fungi	18
Opisthokonta	Fungi	21
Opisthokonta	Fungi	22
Opisthokonta	Fungi	20
Opisthokonta	Fungi	21
Opisthokonta	Fungi	21
Opisthokonta	Fungi	20
Opisthokonta	Fungi	21
Opisthokonta	Fungi	20
Opisthokonta	Fungi	22
Opisthokonta	Fungi	24
Opisthokonta	Fungi	19
Opisthokonta	Fungi	18
Opisthokonta	Fungi	21
Opisthokonta	Fungi	19
Opisthokonta	Fungi	21
Opisthokonta	Fungi	21
Opisthokonta	Fungi	21
Opisthokonta	Fungi	21
Opisthokonta	Fungi	18
Opisthokonta	Fungi	21
Opisthokonta	Fungi	20
Opisthokonta	Fungi	22
Opisthokonta	Fungi	21
Opisthokonta	Fungi	21
Opisthokonta	Fungi	21
Opisthokonta	Fungi	18
Opisthokonta	Fungi	20
Opisthokonta	Fungi	23
Opisthokonta	Fungi	20
Opisthokonta	Fungi	22
Opisthokonta	Fungi	21
Opisthokonta	Fungi	16
Opisthokonta	Fungi	22
Opisthokonta	Fungi	17
Opisthokonta	Fungi	1
Opisthokonta	Fungi	22
Opisthokonta	Fungi	20
Opisthokonta	Fungi	21
Opisthokonta	Fungi	22
Opisthokonta	Fungi	24
Opisthokonta	Fungi	22
Opisthokonta	Fungi	23
Opisthokonta	Fungi	21
Opisthokonta	Fungi	22
Opisthokonta	Fungi	22
Opisthokonta	Fungi	22
Opisthokonta	Fungi	20
Opisthokonta	Fungi	22
Opisthokonta	Fungi	22
Opisthokonta	Fungi	21
Opisthokonta	Fungi	23
Opisthokonta	Fungi	21
Opisthokonta	Fungi	20
Opisthokonta	Fungi	22
Opisthokonta	Fungi	22
Opisthokonta	Fungi	22
Opisthokonta	Fungi	1
Opisthokonta	Fungi	20
Opisthokonta	Fungi	20
Opisthokonta	Fungi	20
Opisthokonta	Fungi	16
Opisthokonta	Fungi	20
Opisthokonta	Fungi	21
Opisthokonta	Fungi	21
Opisthokonta	Fungi	22
Opisthokonta	Fungi	30
Opisthokonta	Fungi	22
Opisthokonta	Fungi	22
Opisthokonta	Fungi	23
Opisthokonta	Fungi	23
Opisthokonta	Fungi	22
Opisthokonta	Fungi	22
Opisthokonta	Fungi	22
Opisthokonta	Fungi	22
Opisthokonta	Fungi	18
Opisthokonta	Fungi	21
Opisthokonta	Fungi	23
Opisthokonta	Fungi	22
Opisthokonta	Fungi	22
Opisthokonta	Fungi	19
Opisthokonta	Fungi	22
Opisthokonta	Fungi	22
Opisthokonta	Fungi	21
Opisthokonta	Fungi	20
Opisthokonta	Fungi	18
Opisthokonta	Fungi	22
Opisthokonta	Fungi	22
Opisthokonta	Fungi	20
Opisthokonta	Fungi	21
Opisthokonta	Fungi	20
Opisthokonta	Fungi	22
Opisthokonta	Fungi	21
Opisthokonta	Fungi	21
Opisthokonta	Fungi	23
Opisthokonta	Fungi	20
Opisthokonta	Fungi	22
Opisthokonta	Fungi	11
Opisthokonta	Fungi	19
Opisthokonta	Fungi	24
Opisthokonta	Fungi	21
Opisthokonta	Fungi	21
Opisthokonta	Fungi	20
Opisthokonta	Fungi	23
Opisthokonta	Fungi	21
Opisthokonta	Fungi	21
Opisthokonta	Fungi	21
Opisthokonta	Fungi	21
Opisthokonta	Fungi	22
Opisthokonta	Fungi	21
Opisthokonta	Fungi	17
Opisthokonta	Fungi	17
Opisthokonta	Fungi	21
Opisthokonta	Fungi	22
Opisthokonta	Fungi	21
Opisthokonta	Fungi	21
Opisthokonta	Fungi	17
Opisthokonta	Fungi	22
Opisthokonta	Fungi	18
Opisthokonta	Fungi	20
Opisthokonta	Fungi	20
Opisthokonta	Fungi	20
Opisthokonta	Fungi	17
Opisthokonta	Fungi	21
Opisthokonta	Fungi	16
Opisthokonta	Fungi	17
Opisthokonta	Fungi	18
Opisthokonta	Fungi	23
Opisthokonta	Fungi	20
Opisthokonta	Metazoa	27
Opisthokonta	Metazoa	25
Opisthokonta	Metazoa	27
Opisthokonta	Metazoa	42
Opisthokonta	Metazoa	18
Opisthokonta	Metazoa	35
Opisthokonta	Metazoa	6
Opisthokonta	Metazoa	26
Opisthokonta	Metazoa	46
Opisthokonta	Metazoa	3
Opisthokonta	Metazoa	26
Opisthokonta	Metazoa	8
Opisthokonta	Metazoa	2
Opisthokonta	Metazoa	27
Opisthokonta	Metazoa	27
Opisthokonta	Metazoa	14
Opisthokonta	Metazoa	27
Opisthokonta	Metazoa	28
Opisthokonta	Metazoa	27
Opisthokonta	Metazoa	40
Opisthokonta	Metazoa	10
Opisthokonta	Metazoa	4
Opisthokonta	Metazoa	27
Opisthokonta	Metazoa	11
Opisthokonta	Metazoa	33
Opisthokonta	Metazoa	2
Opisthokonta	Metazoa	29
Opisthokonta	Metazoa	18
Opisthokonta	Metazoa	25
Opisthokonta	Metazoa	41
Opisthokonta	Metazoa	25
Opisthokonta	Metazoa	25
Opisthokonta	Metazoa	2
Opisthokonta	Metazoa	21
Opisthokonta	Metazoa	29
Opisthokonta	Metazoa	6
Opisthokonta	Metazoa	2
Opisthokonta	Metazoa	11
Opisthokonta	Metazoa	7
Opisthokonta	Metazoa	27
Opisthokonta	Metazoa	9
Opisthokonta	Metazoa	10
Opisthokonta	Metazoa	28
Opisthokonta	Metazoa	6
Opisthokonta	Metazoa	18
Opisthokonta	Metazoa	8
Opisthokonta	Metazoa	39
Opisthokonta	Metazoa	23
Opisthokonta	Metazoa	2
Opisthokonta	Metazoa	35
Opisthokonta	Metazoa	27
Opisthokonta	Metazoa	27
Opisthokonta	Metazoa	2
Opisthokonta	Metazoa	13
Opisthokonta	Metazoa	43
Opisthokonta	Metazoa	24
Opisthokonta	Metazoa	26
Opisthokonta	Metazoa	56
Opisthokonta	Metazoa	42
Opisthokonta	Metazoa	40
Opisthokonta	Metazoa	17
Opisthokonta	Metazoa	41
Opisthokonta	Metazoa	5
Opisthokonta	Metazoa	22
Opisthokonta	Metazoa	38
Opisthokonta	Metazoa	3
Opisthokonta	Metazoa	34
Opisthokonta	Metazoa	28
Opisthokonta	Metazoa	25
Opisthokonta	Metazoa	40
Opisthokonta	Metazoa	7
Opisthokonta	Metazoa	32
Opisthokonta	Metazoa	21
Sar	Stramenopiles	35
Sar	Alveolata	17
Sar	Rhizaria	40
Sar	Alveolata	14
Sar	Alveolata	16
Amoebozoa	Evosea	33
Amoebozoa	Evosea	32
Sar	Stramenopiles	28
Opisthokonta	Fungi	8
Opisthokonta	Fungi	12
Opisthokonta	Fungi	11
Opisthokonta	Fungi	10
Sar	Stramenopiles	25
Metamonada	Fornicata	16
Cryptophyceae	Pyrenomonadales	27
Discoba	Euglenozoa	28
Discoba	Euglenozoa	27
Discoba	Euglenozoa	28
Opisthokonta	Choanoflagellata	17
Sar	Alveolata	22
Opisthokonta	Fungi	8
Opisthokonta	Fungi	7
Opisthokonta	Fungi	12
Sar	Alveolata	72
Metamonada	Parabasalia	1
Sar	Alveolata	26
Sar	Stramenopiles	3
Sar	Stramenopiles	37
Sar	Stramenopiles	33
Sar	Stramenopiles	26
Sar	Alveolata	24
Amoebozoa	Evosea	31
Opisthokonta	Ichthyosporea	26
Sar	Stramenopiles	33
Sar	Alveolata	39
Sar	Alveolata	18
Sar	Stramenopiles	26
Sar	Alveolata	26
Discoba	Euglenozoa	20
Metamonada	Parabasalia	38
Discoba	Euglenozoa	19
Viridiplantae	Streptophyta	61
Viridiplantae	Streptophyta	53
Viridiplantae	Streptophyta	3
Viridiplantae	Chlorophyta	21
Viridiplantae	Streptophyta	69
Viridiplantae	Streptophyta	31
Viridiplantae	Streptophyta	60
Viridiplantae	Chlorophyta	17
Viridiplantae	Chlorophyta	23
Viridiplantae	Streptophyta	39
Opisthokonta	Fungi	20
Opisthokonta	Fungi	22
Opisthokonta	Fungi	12
Opisthokonta	Fungi	8
Opisthokonta	Fungi	18
Opisthokonta	Fungi	8
Opisthokonta	Fungi	16
Opisthokonta	Fungi	7
Opisthokonta	Metazoa	3
Opisthokonta	Metazoa	30
Opisthokonta	Metazoa	1
Opisthokonta	Metazoa	9
Opisthokonta	Metazoa	3
Opisthokonta	Metazoa	38
Opisthokonta	Metazoa	1
Opisthokonta	Metazoa	45
Opisthokonta	Metazoa	27
Opisthokonta	Metazoa	13
Opisthokonta	Metazoa	7
Opisthokonta	Metazoa	43
Opisthokonta	Metazoa	9
Opisthokonta	Metazoa	2
Opisthokonta	Metazoa	1
Opisthokonta	Metazoa	4
Opisthokonta	Metazoa	27
Opisthokonta	Metazoa	2
Sar	Alveolata	1
Sar	Alveolata	1
Sar	Stramenopiles	1
Sar	Stramenopiles	19
Opisthokonta	Filasterea	24
Glaucocystophyceae	Cyanophoraceae	20
Opisthokonta	Fungi	7
Amoebozoa	Evosea	30
Rhodophyta	Florideophyceae	2
Rhodophyta	Florideophyceae	2
Discoba	Euglenozoa	1
Sar	Alveolata	2
Sar	Stramenopiles	2
Sar	Alveolata	1
Sar	Stramenopiles	1
Sar	Stramenopiles	3
Metamonada	Parabasalia	2
Viridiplantae	Streptophyta	7
Viridiplantae	Streptophyta	1
Viridiplantae	Streptophyta	1
Viridiplantae	Streptophyta	8
Viridiplantae	Streptophyta	1
Viridiplantae	Streptophyta	1
Viridiplantae	Chlorophyta	1
Viridiplantae	Streptophyta	12
Viridiplantae	Streptophyta	1
Opisthokonta	Metazoa	35
Amoebozoa	Discosea	1
Sar	Alveolata	1
Sar	Alveolata	1
Viridiplantae	Streptophyta	4
Viridiplantae	Streptophyta	2
Viruses	Varidnaviria	2
Opisthokonta	Metazoa	4
Opisthokonta	Metazoa	4
Opisthokonta	Metazoa	7
other entries	other sequences	1
Apusozoa	Apusomonadida	34
Metamonada	Preaxostyla	1
Opisthokonta	Metazoa	19
Opisthokonta	Metazoa	30
Rhodophyta	Florideophyceae	15
Viridiplantae	Streptophyta	28
Viridiplantae	Streptophyta	23
Opisthokonta	Metazoa	27
Opisthokonta	Metazoa	31
Opisthokonta	Metazoa	40
Opisthokonta	Metazoa	25
Opisthokonta	Metazoa	32
Opisthokonta	Metazoa	30
Viridiplantae	Streptophyta	36
Opisthokonta	Metazoa	21
Opisthokonta	Metazoa	22
Sar	Rhizaria	25
Opisthokonta	Metazoa	25
Opisthokonta	Metazoa	30
Opisthokonta	Metazoa	27
Opisthokonta	Metazoa	45
Opisthokonta	Metazoa	39
Opisthokonta	Metazoa	25
Opisthokonta	Metazoa	20
Opisthokonta	Metazoa	23
Opisthokonta	Metazoa	25
Opisthokonta	Metazoa	24
Opisthokonta	Metazoa	27
Opisthokonta	Metazoa	26
Opisthokonta	Metazoa	25
Opisthokonta	Metazoa	22
Opisthokonta	Metazoa	25
Opisthokonta	Metazoa	23
Opisthokonta	Metazoa	25
Sar	Alveolata	16
Sar	Alveolata	5
Sar	Alveolata	4
Sar	Alveolata	19
Opisthokonta	Metazoa	25
Opisthokonta	Metazoa	23
Opisthokonta	Metazoa	4
Opisthokonta	Metazoa	27
Opisthokonta	Metazoa	22
Opisthokonta	Metazoa	26
Opisthokonta	Metazoa	20
Opisthokonta	Metazoa	18
Opisthokonta	Metazoa	30
Opisthokonta	Metazoa	22
Opisthokonta	Metazoa	19
Opisthokonta	Metazoa	24
Opisthokonta	Metazoa	22
Opisthokonta	Metazoa	26
Opisthokonta	Metazoa	18
Opisthokonta	Metazoa	37
Opisthokonta	Metazoa	17
Opisthokonta	Metazoa	18
Opisthokonta	Metazoa	28
Opisthokonta	Metazoa	16
Opisthokonta	Metazoa	16
Opisthokonta	Metazoa	26
Opisthokonta	Metazoa	24
Opisthokonta	Metazoa	20
Opisthokonta	Metazoa	28
Opisthokonta	Metazoa	24
Opisthokonta	Metazoa	23
Opisthokonta	Metazoa	26
Opisthokonta	Metazoa	18
Opisthokonta	Metazoa	16
Opisthokonta	Metazoa	8
Opisthokonta	Metazoa	22
Opisthokonta	Metazoa	20
Opisthokonta	Metazoa	19
Opisthokonta	Metazoa	18
Opisthokonta	Metazoa	19
Opisthokonta	Metazoa	20
Opisthokonta	Metazoa	21
Opisthokonta	Metazoa	17
Opisthokonta	Metazoa	26
Opisthokonta	Metazoa	21
Opisthokonta	Metazoa	18
Opisthokonta	Metazoa	27
Opisthokonta	Metazoa	19
Opisthokonta	Metazoa	16
Opisthokonta	Metazoa	9
Opisthokonta	Metazoa	44
Opisthokonta	Metazoa	43
Opisthokonta	Metazoa	9
Opisthokonta	Metazoa	10
Opisthokonta	Metazoa	4
Opisthokonta	Metazoa	4
Opisthokonta	Metazoa	23
Opisthokonta	Metazoa	43
Opisthokonta	Metazoa	34
Opisthokonta	Metazoa	44
Opisthokonta	Metazoa	19
Opisthokonta	Rotosphaerida	19
Sar	Stramenopiles	35
Opisthokonta	Metazoa	24
Sar	Alveolata	10
Opisthokonta	Metazoa	41
Viridiplantae	Streptophyta	31
Sar	Stramenopiles	2
Viridiplantae	Chlorophyta	20
Opisthokonta	Choanoflagellata	19
Opisthokonta	Metazoa	56
Opisthokonta	Metazoa	35
Opisthokonta	Metazoa	34
Opisthokonta	Metazoa	27
Opisthokonta	Metazoa	25
Opisthokonta	Metazoa	25
Opisthokonta	Metazoa	22
Opisthokonta	Fungi	15
Opisthokonta	Metazoa	17
Opisthokonta	Metazoa	30
Opisthokonta	Metazoa	31
Opisthokonta	Metazoa	6
Opisthokonta	Metazoa	15
Opisthokonta	Metazoa	27
Opisthokonta	Metazoa	19
Opisthokonta	Metazoa	39
Opisthokonta	Metazoa	40
Opisthokonta	Metazoa	51
Opisthokonta	Metazoa	9
Opisthokonta	Metazoa	23
Opisthokonta	Metazoa	27
Opisthokonta	Metazoa	28
Sar	Alveolata	26
Sar	Alveolata	21
Sar	Alveolata	33
Amoebozoa	Evosea	35
Amoebozoa	Discosea	36
Opisthokonta	Choanoflagellata	30
Opisthokonta	Choanoflagellata	20
unclassified entries	unclassified sequences	22
unclassified entries	unclassified sequences	30
unclassified entries	unclassified sequences	23
unclassified entries	unclassified sequences	25
unclassified entries	unclassified sequences	33
Opisthokonta	Choanoflagellata	27
Opisthokonta	Choanoflagellata	32
Opisthokonta	Choanoflagellata	29
Opisthokonta	Choanoflagellata	26
Opisthokonta	Choanoflagellata	28
unclassified entries	unclassified sequences	23
Opisthokonta	Choanoflagellata	27
unclassified entries	unclassified sequences	24
unclassified entries	unclassified sequences	30
Opisthokonta	Choanoflagellata	27
unclassified entries	unclassified sequences	26
Opisthokonta	Choanoflagellata	26
Opisthokonta	Metazoa	22
Opisthokonta	Fungi	25
Opisthokonta	Metazoa	22
Sar	Alveolata	24
Sar	Alveolata	30
Sar	Alveolata	21
Sar	Alveolata	24
Sar	Alveolata	24
Sar	Alveolata	23
Sar	Alveolata	3
Sar	Alveolata	2
Sar	Alveolata	20
Discoba	Euglenozoa	29
Discoba	Euglenozoa	27
Discoba	Euglenozoa	21
Discoba	Euglenozoa	1
Discoba	Euglenozoa	32
Discoba	Euglenozoa	29
Discoba	Euglenozoa	25
Discoba	Euglenozoa	25
Discoba	Euglenozoa	26
Sar	Stramenopiles	31
Sar	Stramenopiles	21
Sar	Stramenopiles	24
Sar	Stramenopiles	36
Sar	Rhizaria	33
Discoba	Euglenozoa	35
Discoba	Euglenozoa	31
Discoba	Euglenozoa	29
Metamonada	Fornicata	14
Opisthokonta	Metazoa	27
Opisthokonta	Fungi	29
Opisthokonta	Fungi	20
Opisthokonta	Fungi	30
Opisthokonta	Fungi	27
Opisthokonta	Fungi	22
Opisthokonta	Fungi	4
Viridiplantae	Streptophyta	45
Viridiplantae	Chlorophyta	22
Viridiplantae	Chlorophyta	16
Viridiplantae	Chlorophyta	26
Viridiplantae	Chlorophyta	3
Opisthokonta	Fungi	10
Opisthokonta	Fungi	8
Opisthokonta	Fungi	7
Opisthokonta	Fungi	11
Opisthokonta	Fungi	12
Opisthokonta	Fungi	10
Opisthokonta	Fungi	11
Opisthokonta	Fungi	9
Opisthokonta	Fungi	18
Opisthokonta	Fungi	20
Opisthokonta	Fungi	21
Opisthokonta	Fungi	19
Opisthokonta	Fungi	21
Opisthokonta	Fungi	21
Opisthokonta	Fungi	22
Opisthokonta	Fungi	22
Opisthokonta	Fungi	22
Opisthokonta	Fungi	23
Opisthokonta	Fungi	23
Opisthokonta	Fungi	22
Opisthokonta	Fungi	23
Opisthokonta	Fungi	21
Opisthokonta	Fungi	21
Opisthokonta	Fungi	22
Opisthokonta	Fungi	21
Opisthokonta	Fungi	22
Opisthokonta	Fungi	21
Opisthokonta	Fungi	22
Opisthokonta	Fungi	22
Opisthokonta	Fungi	22
Opisthokonta	Fungi	22
Opisthokonta	Fungi	23
Opisthokonta	Fungi	21
Opisthokonta	Fungi	24
Opisthokonta	Fungi	23
Opisthokonta	Fungi	25
Opisthokonta	Fungi	24
Opisthokonta	Fungi	21
Opisthokonta	Fungi	22
Opisthokonta	Fungi	23
Opisthokonta	Fungi	24
Opisthokonta	Fungi	22
Opisthokonta	Fungi	23
Opisthokonta	Fungi	14
Opisthokonta	Fungi	18
Opisthokonta	Fungi	24
Opisthokonta	Fungi	12
Opisthokonta	Fungi	18
Opisthokonta	Fungi	17
Opisthokonta	Fungi	23
Opisthokonta	Fungi	19
Opisthokonta	Fungi	20
Opisthokonta	Fungi	22
Opisthokonta	Fungi	3
Opisthokonta	Fungi	3
Opisthokonta	Metazoa	22
Opisthokonta	Metazoa	29
Opisthokonta	Metazoa	26
Opisthokonta	Metazoa	22
Opisthokonta	Metazoa	18
Opisthokonta	Metazoa	24
Opisthokonta	Metazoa	26
Opisthokonta	Metazoa	26
Opisthokonta	Metazoa	45
Opisthokonta	Metazoa	1
Opisthokonta	Metazoa	38
Opisthokonta	Metazoa	43
Opisthokonta	Metazoa	37
Opisthokonta	Metazoa	36
Viruses	Varidnaviria	1
Viruses	Varidnaviria	1
Viruses	Varidnaviria	1
Viruses	Varidnaviria	1
Viruses	Varidnaviria	1
Viruses	Varidnaviria	1
Viruses	Varidnaviria	1
Viruses	Varidnaviria	1
Viruses	Varidnaviria	1
Viruses	Varidnaviria	1
Viridiplantae	Chlorophyta	4
Viridiplantae	Chlorophyta	4
Viridiplantae	Streptophyta	6
Viridiplantae	Streptophyta	6
Viridiplantae	Streptophyta	6
Opisthokonta	Metazoa	19
Opisthokonta	Metazoa	27
Opisthokonta	Metazoa	27
Opisthokonta	Metazoa	27
Opisthokonta	Metazoa	27
Opisthokonta	Metazoa	27
Opisthokonta	Metazoa	25
Opisthokonta	Metazoa	19
Opisthokonta	Metazoa	26
Opisthokonta	Metazoa	23
Opisthokonta	Metazoa	18
Opisthokonta	Metazoa	19
Opisthokonta	Metazoa	20
Opisthokonta	Metazoa	23
Opisthokonta	Metazoa	27
Opisthokonta	Metazoa	27
Viridiplantae	Streptophyta	3
Viridiplantae	Streptophyta	14
Viridiplantae	Streptophyta	7
Viridiplantae	Streptophyta	3
Viridiplantae	Streptophyta	4
Viridiplantae	Streptophyta	3
Viridiplantae	Streptophyta	6
Viridiplantae	Streptophyta	5
Viridiplantae	Streptophyta	6
Viridiplantae	Streptophyta	7
Viridiplantae	Streptophyta	7
Viridiplantae	Streptophyta	5
Viridiplantae	Streptophyta	8
Viridiplantae	Streptophyta	6
Viridiplantae	Streptophyta	10
Viridiplantae	Streptophyta	6
Viridiplantae	Streptophyta	2
Viridiplantae	Streptophyta	5
Viridiplantae	Streptophyta	4
Viridiplantae	Streptophyta	4
Viridiplantae	Streptophyta	6
Viridiplantae	Streptophyta	7
Viridiplantae	Streptophyta	8
Viridiplantae	Streptophyta	7
Viridiplantae	Streptophyta	6
Viridiplantae	Streptophyta	7
Viridiplantae	Streptophyta	8
Viridiplantae	Streptophyta	6
Viridiplantae	Streptophyta	6
Viridiplantae	Streptophyta	8
Viridiplantae	Streptophyta	7
Viridiplantae	Streptophyta	6
Viridiplantae	Streptophyta	8
Viridiplantae	Streptophyta	5
Opisthokonta	Metazoa	8
Opisthokonta	Metazoa	13
Opisthokonta	Metazoa	12
Opisthokonta	Metazoa	11
Opisthokonta	Metazoa	9
Opisthokonta	Metazoa	11
Opisthokonta	Metazoa	9
Opisthokonta	Metazoa	8
Opisthokonta	Metazoa	10
Opisthokonta	Metazoa	10
Opisthokonta	Metazoa	11
Opisthokonta	Metazoa	11
Opisthokonta	Metazoa	8
Opisthokonta	Metazoa	9
Opisthokonta	Metazoa	11
Opisthokonta	Metazoa	16
Opisthokonta	Metazoa	10
Opisthokonta	Metazoa	8
Opisthokonta	Metazoa	11
Opisthokonta	Metazoa	11
Opisthokonta	Metazoa	9
Opisthokonta	Metazoa	19
Opisthokonta	Metazoa	11
Opisthokonta	Metazoa	9
Opisthokonta	Metazoa	19
Opisthokonta	Metazoa	6
Opisthokonta	Metazoa	11
Opisthokonta	Metazoa	10
Opisthokonta	Metazoa	11
Opisthokonta	Metazoa	8
Opisthokonta	Metazoa	11
Opisthokonta	Metazoa	12
Opisthokonta	Metazoa	10
Opisthokonta	Metazoa	10
Opisthokonta	Metazoa	6
Opisthokonta	Metazoa	11
Opisthokonta	Metazoa	16
Opisthokonta	Metazoa	10
Opisthokonta	Metazoa	11
Opisthokonta	Metazoa	11
Opisthokonta	Metazoa	22
Opisthokonta	Metazoa	13
Opisthokonta	Metazoa	7
Opisthokonta	Metazoa	10
Opisthokonta	Metazoa	11
Opisthokonta	Metazoa	10
Opisthokonta	Metazoa	10
Opisthokonta	Metazoa	9
Opisthokonta	Metazoa	22
Opisthokonta	Metazoa	8
Opisthokonta	Metazoa	10
Opisthokonta	Metazoa	12
Opisthokonta	Metazoa	11
Opisthokonta	Metazoa	17
Opisthokonta	Metazoa	28
Opisthokonta	Fungi	4
Opisthokonta	Fungi	4
Opisthokonta	Fungi	3
Opisthokonta	Fungi	4
Opisthokonta	Fungi	3
Opisthokonta	Fungi	2
Opisthokonta	Fungi	2
Opisthokonta	Fungi	2
Opisthokonta	Fungi	3
Opisthokonta	Fungi	3
Opisthokonta	Fungi	4
Opisthokonta	Fungi	1
Opisthokonta	Fungi	2
Opisthokonta	Fungi	2
Opisthokonta	Fungi	2
Opisthokonta	Fungi	2
Opisthokonta	Fungi	2
Opisthokonta	Fungi	2
Opisthokonta	Fungi	2
Opisthokonta	Fungi	2
Opisthokonta	Fungi	2
Opisthokonta	Fungi	2
Opisthokonta	Fungi	2
Opisthokonta	Fungi	2
Opisthokonta	Fungi	2
Opisthokonta	Fungi	1
Opisthokonta	Fungi	1
Opisthokonta	Fungi	2
Opisthokonta	Fungi	2
Opisthokonta	Fungi	2
Opisthokonta	Fungi	1
Opisthokonta	Fungi	4
Opisthokonta	Fungi	4
Opisthokonta	Fungi	2
Opisthokonta	Fungi	2
Opisthokonta	Fungi	2
Opisthokonta	Fungi	2
Opisthokonta	Fungi	2
Opisthokonta	Fungi	2
Opisthokonta	Fungi	2
Opisthokonta	Fungi	2
Opisthokonta	Fungi	2
Opisthokonta	Fungi	2
Opisthokonta	Fungi	2
Opisthokonta	Fungi	2
Opisthokonta	Fungi	2
Opisthokonta	Fungi	2
Opisthokonta	Fungi	2
Opisthokonta	Fungi	2
Opisthokonta	Fungi	2
Opisthokonta	Fungi	2
Opisthokonta	Fungi	2
Opisthokonta	Fungi	2
Opisthokonta	Fungi	2
Opisthokonta	Fungi	1
Opisthokonta	Fungi	2
Opisthokonta	Fungi	1
Opisthokonta	Fungi	2
Opisthokonta	Fungi	2
Opisthokonta	Fungi	2
Opisthokonta	Fungi	2
Opisthokonta	Fungi	2
Opisthokonta	Fungi	2
Opisthokonta	Fungi	2
Opisthokonta	Fungi	2
Opisthokonta	Fungi	2
Opisthokonta	Fungi	2
Opisthokonta	Fungi	4
Opisthokonta	Fungi	2
Opisthokonta	Fungi	2
Opisthokonta	Fungi	2
Opisthokonta	Fungi	2
Opisthokonta	Fungi	2
Opisthokonta	Fungi	2
Opisthokonta	Fungi	2
Opisthokonta	Fungi	2
Opisthokonta	Fungi	2
Opisthokonta	Fungi	4
Opisthokonta	Fungi	2
Opisthokonta	Fungi	2
Opisthokonta	Fungi	2
Opisthokonta	Fungi	2
Opisthokonta	Fungi	2
Opisthokonta	Fungi	2
Opisthokonta	Fungi	2
Opisthokonta	Fungi	2
Opisthokonta	Fungi	2
Opisthokonta	Fungi	2
Opisthokonta	Fungi	2
Opisthokonta	Fungi	3
Opisthokonta	Fungi	3
Opisthokonta	Fungi	1
Opisthokonta	Fungi	2
Opisthokonta	Fungi	2
Opisthokonta	Fungi	2
Opisthokonta	Fungi	2
Opisthokonta	Fungi	2
Opisthokonta	Fungi	2
Opisthokonta	Fungi	2
Opisthokonta	Fungi	2
Opisthokonta	Fungi	2
Opisthokonta	Fungi	2
Opisthokonta	Fungi	1
Opisthokonta	Fungi	3
Opisthokonta	Metazoa	5
Opisthokonta	Metazoa	4
Opisthokonta	Metazoa	1
Opisthokonta	Metazoa	26
Bacteria	Pseudomonadota	4
Bacteria	Pseudomonadota	6
Opisthokonta	Metazoa	10
Opisthokonta	Fungi	1
Opisthokonta	Metazoa	3
Opisthokonta	Metazoa	4
Viridiplantae	Streptophyta	4
Viridiplantae	Streptophyta	5
Sar	Stramenopiles	2
Opisthokonta	Metazoa	12
Opisthokonta	Metazoa	6
Opisthokonta	Metazoa	5
Opisthokonta	Metazoa	6
Opisthokonta	Metazoa	4
Opisthokonta	Metazoa	3
Opisthokonta	Metazoa	1
Opisthokonta	Metazoa	2
Sar	Alveolata	1
Opisthokonta	Fungi	1
Opisthokonta	Fungi	2
Opisthokonta	Metazoa	1
Rhodophyta	Bangiophyceae	1
Opisthokonta	Fungi	2
Viridiplantae	Streptophyta	1
Viridiplantae	Streptophyta	1
Opisthokonta	Metazoa	1
Opisthokonta	Metazoa	5
Opisthokonta	Metazoa	5
Opisthokonta	Metazoa	2
Opisthokonta	Metazoa	1
Opisthokonta	Metazoa	3
Opisthokonta	Metazoa	2
Opisthokonta	Metazoa	9
Opisthokonta	Metazoa	13
Opisthokonta	Metazoa	3
Opisthokonta	Metazoa	1
Opisthokonta	Metazoa	3
Opisthokonta	Metazoa	1
Opisthokonta	Metazoa	7
Viridiplantae	Streptophyta	1
Viridiplantae	Streptophyta	1
Viridiplantae	Streptophyta	1
Viridiplantae	Streptophyta	2
Opisthokonta	Metazoa	1
Opisthokonta	Metazoa	5
Opisthokonta	Metazoa	6
Opisthokonta	Metazoa	9
Opisthokonta	Metazoa	9
Opisthokonta	Metazoa	5
Opisthokonta	Metazoa	5
Opisthokonta	Metazoa	6
Opisthokonta	Metazoa	4
Opisthokonta	Metazoa	6
Opisthokonta	Metazoa	8
Opisthokonta	Metazoa	6
Opisthokonta	Metazoa	1
Opisthokonta	Metazoa	5
Opisthokonta	Metazoa	6
Opisthokonta	Metazoa	8
Opisthokonta	Metazoa	7
Opisthokonta	Metazoa	6
Opisthokonta	Metazoa	5
Opisthokonta	Metazoa	2
Opisthokonta	Metazoa	1
Opisthokonta	Metazoa	1
Opisthokonta	Metazoa	1
Opisthokonta	Metazoa	1
Opisthokonta	Metazoa	1
Opisthokonta	Metazoa	1
Opisthokonta	Metazoa	1
Opisthokonta	Metazoa	1
Opisthokonta	Metazoa	1
Opisthokonta	Metazoa	1
Opisthokonta	Metazoa	1
Opisthokonta	Metazoa	1
Opisthokonta	Metazoa	1
Opisthokonta	Metazoa	1
Opisthokonta	Metazoa	1
Opisthokonta	Metazoa	1
Opisthokonta	Metazoa	2
Opisthokonta	Fungi	6
Opisthokonta	Metazoa	1
Viridiplantae	Streptophyta	1
Opisthokonta	Fungi	1
Opisthokonta	Metazoa	1
Opisthokonta	Metazoa	10
Opisthokonta	Metazoa	2
Opisthokonta	Metazoa	2
Opisthokonta	Metazoa	4
Opisthokonta	Metazoa	2
Viridiplantae	Chlorophyta	2
Opisthokonta	Metazoa	1
Opisthokonta	Metazoa	7
Opisthokonta	Fungi	1
Opisthokonta	Metazoa	1
Sar	Alveolata	1
Opisthokonta	Metazoa	1
Opisthokonta	Metazoa	5
Opisthokonta	Fungi	5
Opisthokonta	Fungi	3
Opisthokonta	Metazoa	2
Opisthokonta	Fungi	4
Viridiplantae	Streptophyta	1
Opisthokonta	Metazoa	1
Opisthokonta	Metazoa	1
Opisthokonta	Metazoa	1
Opisthokonta	Metazoa	3
Opisthokonta	Fungi	1
Opisthokonta	Metazoa	1
Opisthokonta	Metazoa	3
Opisthokonta	Metazoa	1
Discoba	Euglenozoa	1
Opisthokonta	Metazoa	3
Opisthokonta	Metazoa	2
Opisthokonta	Metazoa	1
Opisthokonta	Metazoa	1
Opisthokonta	Metazoa	1
Opisthokonta	Metazoa	1
Opisthokonta	Metazoa	1
Opisthokonta	Metazoa	1
Opisthokonta	Metazoa	1
Opisthokonta	Metazoa	2
Opisthokonta	Metazoa	1
Opisthokonta	Metazoa	1
Opisthokonta	Metazoa	3
Opisthokonta	Metazoa	4
Opisthokonta	Metazoa	1
Opisthokonta	Metazoa	1
Opisthokonta	Metazoa	2
Opisthokonta	Metazoa	1
Opisthokonta	Metazoa	1
Opisthokonta	Metazoa	1
Opisthokonta	Fungi	1
Opisthokonta	Fungi	1
Opisthokonta	Fungi	1
Opisthokonta	Metazoa	2
Opisthokonta	Metazoa	1
Opisthokonta	Metazoa	1
Opisthokonta	Metazoa	1
Opisthokonta	Metazoa	1
Opisthokonta	Metazoa	1
Opisthokonta	Metazoa	1
Opisthokonta	Metazoa	3
Bacteria	Pseudomonadota	1
Bacteria	Pseudomonadota	1
Opisthokonta	Fungi	1
Opisthokonta	Metazoa	1
Opisthokonta	Fungi	1
Opisthokonta	Metazoa	1
Opisthokonta	Metazoa	1
Opisthokonta	Metazoa	1
Opisthokonta	Metazoa	1
Opisthokonta	Metazoa	1
Opisthokonta	Metazoa	1
Opisthokonta	Metazoa	1
Opisthokonta	Fungi	1
Opisthokonta	Fungi	1
Opisthokonta	Fungi	1
Opisthokonta	Metazoa	1
Opisthokonta	Fungi	1
Opisthokonta	Fungi	1
Viridiplantae	Streptophyta	1
Opisthokonta	Metazoa	1
